Model,Mean test acc,Confidence interval acc,Confidence interval / 2 acc
VQC_angle,0.588,"(0.15771877637603388, 1.0173142213356365)",0.43
VQC_amplitude,0.599,"(0.12611852310936872, 1.072450271703751)",0.473
Dressed,0.805,"(0.3241725676179779, 1.284910460604753)",0.48
Sequent,0.711,"(0.21886272561307596, 1.2033482736241474)",0.492
NN_compressed,0.665,"(0.26333925687169296, 1.0671594387804808)",0.402
NN_original,0.957,"(0.873151466461545, 1.04085882720741)",0.084
